 INSERT INTO cena(cena)
 VALUES
	(199.99),
	(150.12),
	(99.99),
	(49.99),
	(249.99),
	(120.50),
	(179.99),
	(84.99),
	(29.99),
	(75.99)
	
	INSERT INTO wydawca(nazwa_wydawcy)
	VALUES
		('CD Projekt RED'),
		('11 bit studios'),
		('Capcom'),
		('Bethesda Softworks'),
		('Electronic Arts Inc.'),
		('Team 17'),
		('Piranha Games'),
		('Konami'),
		('tinyBuild Games'),
		('Mojang AB')
INSERT INTO pegi(pegi)
	VALUES
	 (3),
	 (7),
	 (12),
	 (16),
	 (18)
INSERT INTO gatunek(gatunek)
	VALUES
	 ('Bijatyka'),
	 ('Strzelanka'),
	 ('Platformowa'),
	 ('Akcji'),
	 ('Muzyczna'),
	 ('Przygodowa'),
	 ('MMORPG'),
	 ('Tower defense'),
	 ('Wyścigowa'),
	 ('Strategiczna'),
	 ('Symulacyjna'),
	 ('Sportowa')
INSERT INTO platforma(nazwa_platformy)
	VALUES
	 ('PlayStation 4 '),
	 ('Epic Games'),
	 ('Steam'),
	 ('Good Old Games'),
	 ('Microsoft Store'),
	 ('Uplay'),
	 ('Rockstar Games'),
	 ('Sklep Play')
INSERT INTO klient(imie_klienta,nazwisko_klienta,email_klienta,haslo)
	VALUES
		 ('Tymon','Piotrowska','c3po@wp.pl','qwerty'),
		 ('Filip','Kowalski','fin417@gmail.com','fifi71'),
		 ('Natalia','Musiał','nati572@o2.pl','haslo123'),
		 ('Marta','Lewicka','mlewic@wp.pl','pies123'),
		 ('Eryk','Czyż','erq1337@wp.pl','welcome'),
		 ('Hubert','Michalak','michal01@o2.pl','admin'),
		 ('Szymon','Zając','star89@gg.pl','password'),
		 ('Bartek','Markiewicz','bartoszek@o2.pl','polonez'),
		 ('Wiktoria','Włodarczyk','viki2004@gmail.com','master'),
		 ('Weronika','Krawczyk','parostatek@onet.pl','tomek1')

	INSERT INTO gra(tytul,nazwa_wydawcy,cena,pegi)
	VALUES
		('Wiedźmin 3','CD Projekt RED',99.99,18),
		('Cyberpunk 2077','CD Projekt RED',249.99,18),
		('This War of Mine','11 bit studios',49.99,18),
		('Frostpunk ','11 bit studios',84.99,16),
		('Monster Hunter World','Capcom',199.99,16),
		('Fallout 76','Bethesda Softworks',29.99,16),
		('TES: Legends','Bethesda Softworks',29.99,12),
		('TES V: Skyrim','Bethesda Softworks',49.99,16),
		('The Sims 2','Electronic Arts Inc.',29.99,7),
		('The Sims 4','Electronic Arts Inc.',49.99,7),
		('FIFA 19','Electronic Arts Inc.',199.99,7),
		('Worms 2: Armageddon','Team 17',29.99,7),
		('Gothic II','Piranha Games',84.99,12),
		('MGS V ','Konami',199.99,18),
		('Silent Hill','Konami',75.99,18),
		('PES2020','Konami',75.99,18),
		('Punch Club','tinyBuild Games',75.99,7),
		('SpeedRunners','tinyBuild Games',75.99,7),
		('Minecraft','Mojang AB',84.99,3)
		
	INSERT INTO gra_platforma(tytul,nazwa_platformy)
	VALUES
		('Wiedźmin 3','Good Old Games'),
		('Wiedźmin 3','PlayStation 4 '),
		('Wiedźmin 3','Steam'),
		('Wiedźmin 3','Microsoft Store'),
		('Cyberpunk 2077','Steam'),
		('Cyberpunk 2077','Good Old Games'),
		('This War of Mine','Good Old Games'),
		('This War of Mine','Microsoft Store'),
		('This War of Mine','Steam'),
		('This War of Mine','Uplay'),
		('Frostpunk ','Epic Games'),
		('Frostpunk ','Good Old Games'),
		('Frostpunk ','Steam'),
		('Monster Hunter World','PlayStation 4'),
		('Monster Hunter World','Microsoft Store'),
		('Monster Hunter World','Steam'),
		('Fallout 76','PlayStation 4 '),
		('Fallout 76','Microsoft Store'),
		('Fallout 76','Steam'),
		('TES: Legends','Steam'),
		('TES V: Skyrim','Steam'),
		('The Sims 2','Uplay'),
		('The Sims 4','Uplay'),
		('FIFA 19','PlayStation 4 '),
		('FIFA 19','Rockstar Games'),
		('Worms 2: Armageddon','Good Old Games'),
		('Worms 2: Armageddon','Steam'),
		('Gothic II','Steam'),
		('Gothic II','Uplay'),
		('Gothic II','Good Old Games'),
		('MGS V ','Steam'),
		('Silent Hill','Rockstar Games'),
		('Silent Hill','PlayStation 4 '),
		('PES2020','Uplay'),
		('Punch Club','Steam'),
		('Punch Club','Sklep Play'),
		('Punch Club','Microsoft Store'),
		('SpeedRunners','Uplay'),
		('SpeedRunners','Rockstar Games'),
		('Minecraft','Microsoft Store') 
		
		
		INSERT INTO klucze(id_gra_platforma,klucz)
		VALUES
			(1,'I8Gf27ICH'),
			(1,'r4Gw98EJI'),
			(1,'Y6eE81GIB'),
			(1,'y2oh31CDB'),
			(1,'B1Bc18BBI'),
			(2,'L9GO76JHG'),
			(2,'L3Kk17DBH'),
			(2,'f9TT96JJG'),
			(2,'i8DD57IFH'),
			(2,'z4jR69EGJ'),
			(2,'w2gn29CCJ'),
			(2,'C0sD07AAH'),
			(2,'P8iT40IEA'),
			(2,'H0Of54AFE'),
			(2,'I9RL83JID'),
			(3,'t0bs23ACD'),
			(3,'N4zl10EBA'),
			(3,'t6et70GHA'),
			(3,'k3RS25DCF'),
			(3,'H6it40GEA'),
			(3,'A4Po27ECH'),
			(3,'W6ty22GCC'),
			(4,'W7fU39HDJ'),
			(4,'B3Oi58DFI'),
			(4,'E1nl20BCA'),
			(4,'P8zg04IAE'),
			(4,'R3LB24DCE'),
			(5,'g9bf61JGB'),
			(5,'z0KC08AAI'),
			(5,'g4OO79EHJ'),
			(5,'D3WZ38DDI'),
			(5,'p0CN53AFD'),
			(5,'C3gA88DII'),
			(6,'T7Ew84HIE'),
			(6,'z2wp45CEF'),
			(6,'A1ry37BDH'),
			(6,'i5hd46FEG'),
			(6,'D8Sb57IFH'),
			(6,'T0lZ54AFE'),
			(6,'L9ef73JHD'),
			(6,'h3Di80DIA'),
			(7,'H8iU07IAH'),
			(7,'j7iI35HDF'),
			(7,'r1dC92BJC'),
			(8,'s7cz42HEC'),
			(8,'g6sE70GHA'),
			(8,'Y1zk78BHI'),
			(8,'z3FD98DJI'),
			(8,'t4hP89EIJ'),
			(8,'H3hA65DGF'),
			(8,'j9tF44JEE'),
			(8,'n2Aw77CHH'),
			(9,'s1wA94BJE'),
			(9,'h9UN90JJA'),
			(9,'H2Hg11CBB'),
			(9,'E3zP68DGI'),
			(9,'R1Bk84BIE'),
			(9,'r9Bn43JED'),
			(9,'t0Tu90AJA'),
			(9,'f7lD69HGJ'),
			(10,'c0PA87AIH'),
			(10,'C9fF76JHG'),
			(10,'U5iS20FCA'),
			(11,'C6BD75GHF'),
			(11,'N7lz63HGD'),
			(11,'Y0kO24ACE'),
			(11,'l9dd22JCC'),
			(11,'o2Jn33CDD'),
			(11,'s2nz20CCA'),
			(12,'E5rY71FHB'),
			(12,'e7jD66HGG'),
			(12,'e5Al42FEC'),
			(12,'l7ED02HAC'),
			(13,'E0zN47AEH'),
			(13,'R0nL91AJB'),
			(13,'R7uW88HII'),
			(14,'f7ui02HAC'),
			(14,'F7PT96HJG'),
			(14,'p3OU91DJB'),
			(14,'e9Yo42JEC'),
			(14,'i3KZ60DGA'),
			(14,'I5JY25FCF'),
			(15,'d9JI47JEH'),
			(15,'D3ps69DGJ'),
			(15,'Z3Ds92DJC'),
			(15,'A4TK40EEA'),
			(15,'L0PE82AIC'),
			(15,'O0Uw22ACC'),
			(15,'h9lb17JBH'),
			(15,'N5Ds36FDG'),
			(15,'o9by10JBA'),
			(15,'Y5zA24FCE'),
			(16,'r0ei60AGA'),
			(16,'p6JO95GJF'),
			(16,'c5HS64FGE'),
			(17,'L6dl32GDC'),
			(17,'T9OY25JCF'),
			(17,'y1HB93BJD'),
			(17,'P3Ri15DBF'),
			(17,'o8Lo65IGF'),
			(17,'G9uz87JIH'),
			(17,'B9dR86JIG'),
			(17,'A3rz87DIH'),
			(17,'U9sj76JHG'),
			(17,'n3cK79DHJ'),
			(18,'i4Gn66EGG'),
			(18,'W5kJ96FJG'),
			(18,'K2lR52CFC'),
			(18,'j3ep40DEA'),
			(18,'G2wb25CCF'),
			(18,'h0To32ADC'),
			(18,'p4jW71EHB'),
			(19,'P9AA28JCI'),
			(19,'I4RZ44EEE'),
			(19,'s4yA15EBF'),
			(19,'F1HD33BDD'),
			(19,'P0As36ADG'),
			(19,'F3hI18DBI'),
			(19,'s3DA25DCF'),
			(20,'E2Ft77CHH'),
			(20,'R7KP76HHG'),
			(20,'Y2wF00CAA'),
			(20,'f5kt97FJH'),
			(21,'t5GA25FCF'),
			(21,'D0GA29ACJ'),
			(21,'k6Pf35GDF'),
			(21,'f4NE48EEI'),
			(21,'I7Fh67HGH'),
			(21,'O0BA56AFG'),
			(21,'n7Zr19HBJ'),
			(21,'A8hH79IHJ'),
			(21,'R4Bb77EHH'),
			(21,'e8NL93IJD'),
			(22,'j0EE33ADD'),
			(22,'T1nS51BFB'),
			(22,'W1CJ77BHH'),
			(22,'r5uI16FBG'),
			(23,'t8YH15IBF'),
			(23,'w4zY11EBB'),
			(23,'h0Zz66AGG'),
			(23,'Y6pU89GIJ'),
			(23,'A5sD52FFC'),
			(23,'U3Yf74DHE'),
			(23,'A2Ls32CDC'),
			(24,'l4nf33EDD'),
			(24,'u1PO07BAH'),
			(24,'f7NP63HGD'),
			(24,'Y7gs95HJF'),
			(24,'b6Pf81GIB'),
			(24,'S5or81FIB'),
			(25,'R5tL13FBD'),
			(25,'h2Yz40CEA'),
			(25,'c0jW36ADG'),
			(25,'j8df69IGJ'),
			(25,'E7ze97HJH'),
			(25,'Z9bU21JCB'),
			(25,'G1tu47BEH'),
			(25,'Z1dr67BGH'),
			(25,'k9IU97JJH'),
			(26,'t8zA84IIE'),
			(26,'E7dJ88HII'),
			(26,'w7To39HDJ'),
			(26,'n6sd85GIF'),
			(26,'D2sG43CED'),
			(26,'y8lA94IJE'),
			(26,'S8wE61IGB'),
			(26,'T5kL38FDI'),
			(27,'Z4wB43EED'),
			(27,'H9Cb12JBC'),
			(27,'R5gd73FHD'),
			(27,'F5GL94FJE'),
			(27,'N0Zy34ADE'),
			(27,'A1Rh78BHI'),
			(27,'Y9AR37JDH'),
			(27,'A1Dc51BFB'),
			(27,'I0hA89AIJ'),
			(28,'y8fL05IAF'),
			(28,'D4cl29ECJ'),
			(28,'o0Aw32ADC'),
			(28,'W4hD78EHI'),
			(28,'A7gD65HGF'),
			(29,'e6BA05GAF'),
			(29,'E7zy92HJC'),
			(29,'A9Cd53JFD'),
			(29,'W6bA72GHC'),
			(29,'y4wJ46EEG'),
			(29,'z2gA86CIG'),
			(29,'n9zp91JJB'),
			(29,'w3yJ89DIJ'),
			(29,'I8UP38IDI'),
			(29,'u4ll27ECH'),
			(30,'N7tg46HEG'),
			(30,'d8yR55IFF'),
			(30,'f2Is60CGA'),
			(30,'T1UP81BIB'),
			(30,'l4sA54EFE'),
			(30,'I5Op37FDH'),
			(31,'n0tF65AGF'),
			(31,'e8zG23ICD'),
			(31,'Y7co25HCF'),
			(31,'S5Sy52FFC'),
			(31,'b7Ek78HHI'),
			(31,'I6wk22GCC'),
			(32,'r2Nl18CBI'),
			(32,'s0fc03AAD'),
			(32,'h6dk52GFC'),
			(32,'g9FB79JHJ'),
			(33,'Z5PA96FJG'),
			(33,'s3js21DCB'),
			(33,'n0dc32ADC'),
			(33,'p8uh82IIC'),
			(33,'U6Oh29GCJ'),
			(33,'C5eJ40FEA'),
			(33,'b9At75JHF'),
			(33,'A1Eu97BJH'),
			(33,'o3Pf35DDF'),
			(34,'U0Al55AFF'),
			(34,'C3uK56DFG'),
			(34,'k1kB08BAI'),
			(34,'N6Ah69GGJ'),
			(34,'c9Pt88JII'),
			(34,'F6ow62GGC'),
			(34,'J9RI81JIB'),
			(34,'Z8ig11IBB'),
			(34,'d7UK80HIA'),
			(35,'S0nn88AII'),
			(35,'P7Bt15HBF'),
			(35,'U9iH90JJA'),
			(35,'P6JW04GAE'),
			(35,'Z2Zj62CGC'),
			(35,'b9Io93JJD'),
			(35,'T1ET74BHE'),
			(36,'S2gp93CJD'),
			(36,'S7cF87HIH'),
			(36,'z0BA61AGB'),
			(36,'g5JJ28FCI'),
			(36,'w2Tu27CCH'),
			(36,'r1Pl31BDB'),
			(37,'z7ok64HGE'),
			(37,'r8AU18IBI'),
			(37,'g6eE25GCF'),
			(37,'j7Hp16HBG'),
			(37,'S0cP45AEF'),
			(37,'N1KE30BDA'),
			(37,'c6Ry75GHF'),
			(37,'d9fK42JEC'),
			(38,'S9Wt17JBH'),
			(38,'U9pg81JIB'),
			(38,'w1ZD86BIG'),
			(38,'s5Ks67FGH'),
			(38,'r4Kl77EHH'),
			(38,'Y8we84IIE'),
			(38,'o4KT34EDE'),
			(39,'n5EI32FDC'),
			(39,'L7gj20HCA'),
			(39,'G3Eu23DCD'),
			(39,'Y6Tf59GFJ'),
			(39,'i0GE53AFD'),
			(40,'I2Bc37CDH'),
			(40,'t4Oj76EHG'),
			(40,'F2oG14CBE'),
			(40,'c7oJ31HDB'),
			(40,'F4RI90EJA'),
			(40,'b4JE00EAA')
			
		
	

	INSERT INTO gra_gatunek(tytul,gatunek)
		VALUES
			('Wiedźmin 3','Akcji'),
			('Wiedźmin 3','Przygodowa'),
			('Cyberpunk 2077','Przygodowa'),
			('Cyberpunk 2077','Strzelanka'),
			('Cyberpunk 2077','Akcji'),
			('This War of Mine','Strategiczna'),
			('This War of Mine','Tower defense'),
			('Frostpunk','Strategiczna'),
			('Monster Hunter World','MMORPG'),
			('Monster Hunter World','Przygodowa'),
			('Fallout 76','MMORPG'),
			('Fallout 76','Strzelanka'),
			('TES: Legends','Strategiczna'),
			('TES V: Skyrim','Akcji'),
			('TES V: Skyrim','Przygodowa'),
			('The Sims 2','Symulacyjna'),
			('The Sims 4','Symulacyjna'),
			('FIFA 19','Sportowa'),
			('Worms 2: Armageddon','Platformowa'),
			('Worms 2: Armageddon','Strzelanka'),
			('Worms 2: Armageddon','Bijatyka'),
			('Gothic II','Akcji'),
			('Gothic II','Bijatyka'),
			('Gothic II','Przygodowa'),
			('MGS V','Tower defense'),
			('MGS V','Akcji'),
			('Silent Hill','Akcji'),
			('PES2020','Sportowa'),
			('Punch Club','Bijatyka'),
			('SpeedRunners','Platformowa'),
			('Minecraft','Przygodowa')
	INSERT INTO zamowienie(email_klienta,klucz1,klucz2,klucz3,klucz4,klucz5)
		VALUES
			('bartoszek@o2.pl','s5Ks67FGH','O0Uw22ACC',null,null,null),
			('bartoszek@o2.pl','A4Po27ECH','f7lD69HGJ',null,null,null),
			('bartoszek@o2.pl','I5JY25FCF',null,null,null,null),
			('c3po@wp.pl','E2Ft77CHH','L9ef73JHD',null,null,null),
			('c3po@wp.pl','i0GE53AFD',null,null,null,null),
			('fin417@gmail.com','I5JY25FCF',null,null,null,null),
			('erq1337@wp.pl','D4cl29ECJ','F2oG14CBE',null,null,null),
			('erq1337@wp.pl','h6dk52GFC','j0EE33ADD','D3ps69DGJ',null,null),
			('fin417@gmail.com','D2sG43CED','g6eE25GCF','k1kB08BAI','n5EI32FDC','P3Ri15DBF'),
			('michal01@o2.pl','P0As36ADG','n3cK79DHJ',null,null,null),
			('michal01@o2.pl','O0BA56AFG',null,null,null,null),
			('mlewic@wp.pl','p4jW71EHB','n0dc32ADC',null,null,null),
			('nati572@o2.pl','o2Jn33CDD','w3yJ89DIJ','y8lA94IJE',null,null),
			('nati572@o2.pl','n2Aw77CHH',null,null,null,null),
			('parostatek@onet.pl','K2lR52CFC',null,null,null,null),
			('star89@gg.pl','I7Fh67HGH','w3yJ89DIJ',null,null,null),
			('star89@gg.pl','W5kJ96FJG',null,null,null,null),
			('star89@gg.pl','s3DA25DCF',null,null,null,null),
			('viki2004@gmail.com','T1nS51BFB','s0fc03AAD','U5iS20FCA','Y6eE81GIB',null)
			